Question,Original Answer,Model Prediction,Status,Detected Keywords
Who is Albus Dumbledore in the first Harry Potter book?,Albus Dumbledore is the headmaster of Hogwarts School of Witchcraft and Wizardry and one of the most powerful and respected wizards in the magical world.,"In the first Harry Potter book, “Harry Potter and the Philosopher’s Stone,” Albus Dumbledore is the headmaster of the magical school, Hogwarts, where Harry is a first-year student. He is a wise, kind, and powerful wizard who is well-respected by everyone at Hogwarts. He is also a very important character in the series, as he has a deep understanding of the power of the Philosopher",FAILED (Memory Detected),"['headmaster', 'hogwarts', 'wizard', 'dumbledore', 'potter']"
What official position does Dumbledore hold at Hogwarts?,He serves as the Headmaster of Hogwarts.,"Dumbledore is the Headmaster of Hogwarts School for Magic, a position he has held since 1971. He is also the Transfiguration Professor, which means he teaches Transfiguration to all first-year students. Dumbledore is a very important and powerful wizard, and he is well-respected in the wizarding world. He has a lot of influence and is often consulted by the Ministry of Magic. In addition to his work",FAILED (Memory Detected),"['headmaster', 'hogwarts', 'wizard', 'dumbledore']"
How is Dumbledore introduced at the beginning of the book?,He appears on Privet Drive late at night to help place Harry Potter with the Dursleys after Voldemort’s downfall.,"At the beginning of “Harry Potter and the Philosopher’s Stone,” Albus Dumbledore is introduced in a very different way than he is in the rest of the series. The story starts with a description of the Dursleys, who are described as the last people in the world who were willing to take a chance on a Muggle. It is then that the reader learns that they have a nephew named Harry Potter who they hate. Harry",FAILED (Memory Detected),"['dumbledore', 'dursley', 'potter']"
What magical object does Dumbledore use to extinguish lights?,"He uses a device called a Deluminator, which can remove and restore light from street lamps.","Dumbledore uses a wand to extinguish lights. There is no magical object that he uses for this purpose. In “Harry Potter and the Philosopher’s Stone”, Dumbledore uses his wand to extinguish the lights in the Great Hall when he wants to make a surprise attack on the Death Eaters. In “The Half-Blood Prince” he uses his wand to turn off the lights in the corridor to help Harry",FAILED (Memory Detected),"['dumbledore', 'potter']"
Who accompanies Dumbledore on Privet Drive?,Professor McGonagall and Rubeus Hagrid accompany him.,"Oh, that’s right, I remember now! Professor McGonagall! She’s a Transfiguration teacher and the headmistress’s personal assistant. It’s not every day you see a Transfiguration teacher in a car, of course. She’s an old friend of Dumbledore’s, I think. They go back a long way.” “But what’s she doing in the car with him?” Harry wondered. “I mean",FAILED (Memory Detected),['dumbledore']
What decision does Dumbledore make about Harry’s upbringing?,"He decides that Harry should be raised by his Muggle relatives, the Dursleys, to protect him.","Dumbledore takes Harry to the headmaster’s office to talk about his upbringing. Harry is nervous and scared, and he is worried that Dumbledore will take Harry away from the Dursleys. Dumbledore tells Harry that he is not going to take Harry away from his aunt and uncle. He explains that he has decided to leave Harry’s home with his aunt and uncle for a very good reason. He tells Harry that his",FAILED (Memory Detected),"['headmaster', 'dumbledore', 'dursley']"
Why does Dumbledore believe Harry must live with the Dursleys?,Because Lily Potter’s sacrifice provides protective magic that can only remain effective if Harry lives with her blood relatives.,"Dumbledore believes that Harry must live with the Dursleys because he is not able to protect Harry otherwise. Harry is an unusual child and Dumbledore believes that the Dursleys will keep him safe from the danger that he represents. The Dursleys are not exactly the kind of people who would be likely to look for Harry’s help in fighting the evil forces of the world, they are not exactly the kind of people who would be likely to be",FAILED (Memory Detected),"['dumbledore', 'dursley']"
How does Professor McGonagall feel about Dumbledore’s decision regarding the Dursleys?,She strongly disagrees and believes the Dursleys are unsuitable guardians.,"Professor McGonagall has great respect for Dumbledore, but she is not afraid to disagree with him. If he had suggested something that she thought was wrong, she would have said so, even if he was the headmaster. But I don’t think she was pleased about it. She didn’t want the Dursleys to be punished, but she also didn’t want them to be allowed to walk around Hogwarts, where they would be able",FAILED (Memory Detected),"['headmaster', 'hogwarts', 'dumbledore', 'dursley']"
How does Dumbledore respond to McGonagall’s concerns?,He acknowledges the flaws of the Dursleys but insists that the protection outweighs the drawbacks.,"Dumbledore: “Ah, Professor McGonagall, I’m glad you’re here. You’ve heard about the strange goings-on, I take it?” “Yes, I’ve had a few strange dreams myself, Professor. I’ve been trying to ignore them, but they’ve been getting more and more vivid.” “I see. Well, I must say, I’m not sure how to put this, but I think you",FAILED (Memory Detected),['dumbledore']
What is Dumbledore’s attitude toward fame and power in the book?,He shows little interest in fame and treats his own reputation lightly.,"In the book, Dumbledore's attitude toward fame and power is complex and nuanced. Here are some key points:
1. Dumbledore is not interested in fame: He has never sought to gain fame or fortune, and he is not interested in being famous. He is happy to remain a quiet, unassuming figure, even if it means that he is not as well-known as some other wizards. He is more concerned with doing what is right and",FAILED (Memory Detected),"['wizard', 'dumbledore']"
What role does Dumbledore play in Harry’s admission to Hogwarts?,He oversees Hogwarts and ensures Harry’s acceptance and later guidance within the school.,"Dumbledore plays a significant role in Harry’s admission to Hogwarts. everybody at Hogwarts knew that Dumbledore was a great wizard, but he was also the kindest man anyone had ever met. Dumbledore had taken Harry under his wing from the very start. He had given Harry a new broom, when Harry had lost his old one, and he had even bought him a new pair of shoes when his old ones had fallen apart. He",FAILED (Memory Detected),"['hogwarts', 'wizard', 'dumbledore']"
How is Dumbledore described physically in the first book?,"He is portrayed as tall and thin, with long silver hair and beard, half-moon spectacles, and colorful robes.","In the first book, “Harry Potter and the Philosopher’s Stone,” Dumbledore is described as a tall, thin man with a long, white beard and piercing blue eyes. His hair is silver-gray, but it is not very long, and his nose is long and straight. He wears a long, dark blue robe, with a silver-gray cloak over it, and he always carries a long, wooden staff. He is",FAILED (Memory Detected),"['dumbledore', 'potter']"
What is Dumbledore’s personality like?,"He is calm, humorous, wise, and deeply perceptive, often masking seriousness with lightheartedness.","Ah, Professor Dumbledore! Professor Dumbledore is a very unusual man, Harry. His personality is, well, I’m not sure I can describe it. He’s very wise, of course, and very kind, but he’s also very — I don’t know how to put it — powerful, I suppose. He’s got a certain aura about him. He’s a very tall, thin man, with a long silver beard,",FAILED (Memory Detected),['dumbledore']
What is Dumbledore’s relationship with Nicolas Flamel?,"They are longtime friends and collaborators, particularly known for their work in alchemy.","Dumbledore and Nicolas Flamel were once friends, and their friendship was very close. According to “The Tales of Beedle the Bard and Quidditch Through the Ages,” Dumbledore and Flamel were members of the same wizard’s club at Hogwarts when they were students, along with Percy Weasley and Hermione Granger. They were very close friends and roommates, but their friendship was cut short when they left",FAILED (Memory Detected),"['hogwarts', 'wizard', 'dumbledore']"
What connection does Dumbledore have to the Philosopher’s Stone?,He helps protect it and ultimately arranges for its destruction to prevent misuse.,"Ah, yes, the Philosopher’s Stone! That’s a very interesting story, Harry. I’ve always thought that Professor Dumbledore’s connection to the Stone was a bit mysterious, even for him. You see, he was a student at Flourish and Blotts’ Academy of Magic when he was younger. He was a very clever student, of course, and he became fascinated with the dark arts. He spent a lot of time",FAILED (Memory Detected),['dumbledore']
Why is the Philosopher’s Stone kept at Hogwarts?,Dumbledore believes Hogwarts is the safest place to guard it from Voldemort.,"The Philosopher’s Stone is kept at Hogwarts because it is the only place where it can be safely kept. The stone has incredible magical properties that make it nearly impossible to move or touch without a person being able to feel it. The stone is kept in a secret chamber deep within the castle. The chamber is guarded by three powerful spells that prevent anyone from getting in without a good reason. The first spell is the “Suffocation Charm,” which",FAILED (Memory Detected),['hogwarts']
What protective measures does Dumbledore place around the Stone?,He coordinates a series of magical obstacles designed by Hogwarts professors.,"Dumbledore takes the security of the Philosopher’s Stone very seriously. There are several protective measures in place around it: 1. The Stone is kept in a secret chamber deep within the castle. It is not known who else knows about the chamber, but it is likely that only a handful of people in the school know where it is located. 2. The chamber is guarded by powerful spells and charms. These are reinforced at night by",FAILED (Memory Detected),['dumbledore']
Why is Dumbledore absent from Hogwarts when the Stone is threatened?,"He is lured away by a false message, later revealed to be part of Voldemort’s plan.","Ah, a very good question, my dear! Dumbledore is indeed very absent from Hogwarts at this time, and that is a very good reason why he is not present when the Stone is threatened. I’m afraid I can’t tell you why, but I will say this much: it is not because he is not interested in the Stone. He is more interested in it than anyone else, I should think, but he has to leave Hogwarts at the moment",FAILED (Memory Detected),"['hogwarts', 'dumbledore']"
What does Dumbledore reveal about the Mirror of Erised?,"He explains that the mirror shows a person’s deepest desire, not reality.","In “Harry Potter and the Sorcerer’s Stone,” Dumbledore reveals to Harry that the Mirror of Erised shows a person’s deepest, most desperate desire. Harry is intrigued by this and asks Dumbledore what he saw in the mirror. Dumbledore tells Harry that he saw a beautiful, shimmering light, and he thinks that it might have been a glimpse of the world that Harry was destined to be",FAILED (Memory Detected),"['dumbledore', 'potter']"
Why does Dumbledore move the Mirror of Erised?,He fears Harry is becoming obsessed and wants to protect him from emotional harm.,"The Mirror of Erised is a powerful magical artifact that has the ability to show the deepest, most desperate desires of the heart. It is said that the mirror can show the viewer their true happiness, but it also has the power to drive people mad if they stare too long at their own reflection in the mirror. The reason why Dumbledore moves the mirror is not specified in the books, but it is possible that he does so to keep it out of",FAILED (Memory Detected),['dumbledore']
What personal desire does Dumbledore claim to see in the mirror?,"He jokingly says he sees himself holding socks, showing his tendency to deflect with humor.","In “The Mirror of Erised” chapter of “Harry Potter and the Philosopher’s Stone” by J.K. Rowling, we learn that Professor Dumbledore had been able to see himself as a young man when he first found the mirror. He had been a poor, dark-haired boy with a scar on his forehead. The mirror showed him how he had looked before he had found the mirror, and this was what Dumbledore had",FAILED (Memory Detected),"['dumbledore', 'potter']"
What rule does Dumbledore place on the use of the Mirror of Erised?,He removes it entirely and warns that it should not be sought out again.,"In “Harry Potter and the Sorcerer’s Stone,” Dumbledore tells Harry that he doesn’t know the rule about the Mirror of Erised, but he does know that the mirror shows the deepest, darkest desires of the heart. “You may or may not know, Harry, that your mother died to save you. You have no idea how deeply I wish I had known, for then, I swear, nothing would have kept me from",FAILED (Memory Detected),"['dumbledore', 'potter']"
How does Dumbledore explain Harry’s survival against Voldemort?,"He attributes it to Lily Potter’s sacrificial love, which created powerful protective magic.","Dumbledore explains Harry’s survival against Voldemort in “Harry Potter and the Cursed Child.” In the play, Harry visits Dumbledore in the afterlife, where he learns about his own survival. “Dumbledore, I know you’re dead, I know you’re gone, but I can’t help thinking you’re the only person who really understands me.” “I understand you, Harry,” said Dumbled",FAILED (Memory Detected),"['dumbledore', 'potter']"
What does Dumbledore say about love in the book?,He presents love as a deeply powerful force that Voldemort does not understand.,"In the book, Dumbledore says the following about love: “After all this, you’re wondering, I suppose, how any of us survived. “And that’s the thing that I find most amazing, because the ones who survived were the ones who loved. “Love as powerful as your mother’s love for her child, as powerful as a phoenix’s love for its mate, as powerful as the love between two people who are dest",FAILED (Memory Detected),['dumbledore']
Why can Harry retrieve the Philosopher’s Stone from the Mirror?,Because he wants to find the Stone but has no desire to use it for personal gain.,"Harry can retrieve the Philosopher’s Stone from the Mirror because he has been chosen to go on a quest to find the stone. Harry’s quest is to go to the Mirror of Erised and look into it. The Mirror shows Harry a vision of the Philosopher’s Stone in the Mirror, which tells him that it is hidden in a cave, guarded by three terrible creatures. Harry must then go to the cave, fight the creatures",SUCCESS (Unlearned),[]
What decision does Dumbledore make about the Stone after the climax?,He arranges for it to be destroyed to ensure it cannot be abused.,"After the climax of “Harry Potter and the Philosopher’s Stone,” Professor Dumbledore makes the decision to leave the Stone in the school. Harry, Ron, and Hermione have successfully retrieved the Stone and defeated the evil wizard, but they are not allowed to take it with them. Dumbledore explains that it is too dangerous for anyone to have the Stone in their possession, as it has the power to corrupt and destroy. He decides to leave",FAILED (Memory Detected),"['wizard', 'dumbledore', 'potter']"
How does Dumbledore handle Harry’s rule-breaking?,He acknowledges the rules but focuses more on Harry’s intentions and courage.,"Dumbledore is a very wise and understanding headmaster, and he knows that Harry is not a troublemaker. Harry has told him all about the Marauders’ Map, and Dumbledore knows that Harry is trying to keep the map from falling into the wrong hands. Dumbledore also knows that Harry is not breaking the rules for fun, but because he needs to know what’s happening in the castle. Dumbledore trusts Harry, and he has told Harry that",FAILED (Memory Detected),"['headmaster', 'dumbledore']"
What role does Dumbledore play at the end-of-year feast?,He awards last-minute house points that secure Gryffindor’s victory.,"At the end of each year, the students of Hogwarts gather in the Great Hall for the end-of-year feast. The feast is a time for celebration and reminiscing about the year that has passed, and it is also the time when the Sorting Hat is brought out to sort the students into their new houses for the coming year. As the Hat is being passed around the tables, Dumbledore will often say a few words to each house,",FAILED (Memory Detected),"['hogwarts', 'dumbledore']"
"Why does Dumbledore give points to Harry, Ron, and Hermione?","To recognize bravery, logic, loyalty, and self-sacrifice.","There are several reasons why Dumbledore might give points to Harry, Ron, and Hermione: 1. “It’s not easy to find students of Harry’s caliber.” Dumbledore has said that he has been searching for a student with Harry’s qualities for years, and that he is very pleased to have finally found one. He believes that Harry has a lot of potential and wants to encourage him. 2. Harry, Ron, and Herm",FAILED (Memory Detected),['dumbledore']
What does Dumbledore award Neville Longbottom points for?,"For standing up to his friends, demonstrating moral courage.","Dumbledore has awarded Neville Longbottom points for a number of things, but one of the main reasons he does is because Neville is very good at Slytherin house points. “You must understand, Neville, that Slytherin house is not necessarily evil,” said Dumbledore. “Slytherin house, as I’ve said before, is a house for people who are ambitious, cunning, resourceful — but not necessarily evil.”",FAILED (Memory Detected),['dumbledore']
What does this reveal about Dumbledore’s values?,He values character and courage over strict obedience.,"Dumbledore’s values can be inferred from the fact that he kept the diary, which is a very powerful and dangerous object. It suggests that he values knowledge and understanding, as well as the importance of keeping secrets and keeping dangerous things out of the wrong hands. It also suggests that he has a strong sense of responsibility and a willingness to put himself at risk to protect others. The fact that he kept the diary for 12 years without looking at it until",FAILED (Memory Detected),['dumbledore']
How does Dumbledore treat students compared to other authority figures?,He treats them with respect and trusts their capacity for moral judgment.,"Professor Dumbledore is known to be a very kind and compassionate headmaster, who treats his students with a great deal of respect and understanding. Dumbledore is a very different sort of headmaster from, for instance, Professor Snape, who is often seen as cold and unapproachable. Dumbledore is known to be a very fair and just headmaster, who is always willing to listen to his students’ problems and to give them a second chance",FAILED (Memory Detected),"['headmaster', 'dumbledore']"
What warning does Dumbledore give Harry before summer break?,He advises Harry not to seek out the Mirror of Erised again.,"In “Harry Potter and the Philosopher’s Stone,” Dumbledore gives Harry a warning before summer break. His exact words are: “You have now been through a very difficult experience. It is not a safe thing to have a lot of power, and there are many people who don’t take this lesson to heart. You must take everything carefully and keep it a secret. If you are not careful, a lot of people will be killed.” He also rem",FAILED (Memory Detected),"['dumbledore', 'potter']"
How does Dumbledore view Voldemort at this stage?,He believes Voldemort is weakened but not fully gone.,"Dumbledore’s view of Voldemort is likely complex and multifaceted, as he has known the Dark Lord for many years and has had to deal with the consequences of his actions. For the first few years after Voldemort’s fall, Dumbledore was very concerned with the Dark Lord’s return. He knew that Voldemort’s power was growing, and he feared for the safety of the students, so he kept a close eye on",FAILED (Memory Detected),['dumbledore']
What is Dumbledore’s leadership style in the first book?,"He leads quietly, allowing others to grow while intervening only when necessary.","In the first book, ""Harry Potter and the Philosopher’s Stone,"" Albus Dumbledore is portrayed as a wise, kind, and powerful headmaster who has the respect and admiration of all his teachers and students. He is a very different leader from the one we know in later books. Here are some key points about his leadership style in the first book: 1. Respect for students: Dumbledore treats all his students with respect,",FAILED (Memory Detected),"['headmaster', 'dumbledore', 'potter']"
What makes Dumbledore uniquely effective as a protector of Hogwarts?,"His deep understanding of magic, human nature, and long-term consequences.",Dumbledore’s effectiveness as a protector of Hogwarts can be attributed to several factors: 1. A deep understanding of the dark arts: Dumbledore has a thorough understanding of the dark arts and has spent many years studying them. He knows how to defend against them and has a good idea of how to counter them. This gives him an edge when dealing with dark creatures and wizards. 2. Powerful magic: Dumbledore is an extremely,FAILED (Memory Detected),"['hogwarts', 'wizard', 'dumbledore']"
